{"stats":{"minecraft:killed_by":{"torture:torture":1},"minecraft:custom":{"minecraft:jump":129,"minecraft:time_since_rest":4506,"minecraft:leave_game":1,"minecraft:deaths":2,"minecraft:damage_dealt":320,"minecraft:crouch_one_cm":147,"minecraft:walk_on_water_one_cm":13699,"minecraft:sprint_one_cm":9163,"minecraft:play_time":15479,"minecraft:damage_taken":278,"minecraft:time_since_death":4456,"minecraft:walk_one_cm":14241,"minecraft:sneak_time":255,"minecraft:total_world_time":15479,"minecraft:walk_under_water_one_cm":5689,"minecraft:swim_one_cm":767,"minecraft:fall_one_cm":1229,"minecraft:drop":1,"minecraft:fly_one_cm":14930,"minecraft:player_kills":1},"minecraft:dropped":{"man:cassette_1safetyinstructions":1}},"DataVersion":3120}