{"stats":{"minecraft:custom":{"minecraft:jump":20,"minecraft:open_chest":1,"minecraft:time_since_rest":400,"minecraft:leave_game":1,"minecraft:sprint_one_cm":3208,"minecraft:crouch_one_cm":76,"minecraft:play_time":7375,"minecraft:walk_on_water_one_cm":1753,"minecraft:time_since_death":7375,"minecraft:walk_one_cm":8349,"minecraft:climb_one_cm":489,"minecraft:sleep_in_bed":3,"minecraft:sneak_time":31,"minecraft:total_world_time":7375,"minecraft:walk_under_water_one_cm":4440,"minecraft:fall_one_cm":209,"minecraft:fly_one_cm":7934},"minecraft:picked_up":{"minecraft:string":1},"minecraft:used":{"bunker_down:steel_vent":4,"minecraft:sponge":23,"minecraft:iron_bars":3,"minecraft:light_gray_concrete":1}},"DataVersion":3120}