{"stats":{"minecraft:killed_by":{"torture:torture":1,"minecraft:player":1},"minecraft:custom":{"minecraft:jump":116,"minecraft:time_since_rest":3139,"minecraft:damage_dealt":48,"minecraft:damage_taken":667,"minecraft:leave_game":3,"minecraft:crouch_one_cm":131,"minecraft:time_since_death":3088,"minecraft:play_time":10690,"minecraft:sprint_one_cm":6517,"minecraft:walk_one_cm":7910,"minecraft:walk_on_water_one_cm":10033,"minecraft:deaths":2,"minecraft:sneak_time":70,"minecraft:total_world_time":10690,"minecraft:walk_under_water_one_cm":3066,"minecraft:fall_one_cm":1254,"minecraft:fly_one_cm":15449}},"DataVersion":3120}